ID;Provincia;Nombre_y_Apellido;Domicilio;Telefono;Edad;Localidad;X;Y;col10
22;Buenos Aires;LUISA ANTONIA SCELZA;AVDA. EVA PERON 2352;4697-7045;30;MORON;-58,6311539;-34,67462592;
59;Buenos Aires;JUAN SILVA;AV.RIVADAVIA E/ MITRE Y SARMIENTO 373;4257-5719;46;QUILMES;-58,25403285;-34,72060944;
66;Buenos Aires;JULIO CESAR SILVEIRA;MORENO E/ BRANDSEN Y MATIENZO 932;4257-5728;56;QUILMES;-58,25434724;-34,72761626;
67;Buenos Aires;JORGE ALEJANDRO SILVEIRA;HUMBERTO PRIMO E/E.ZOLA Y MOZART 887  VILLA LUJAN;4254-1576;20;QUILMES;-58,24273553;-34,71778785;
76;Buenos Aires;ALEJANDRO PABLO SILVERA;ORTIZ DE OCAMPO E/MITRE Y ALVEAR 335;4253-2092;29;QUILMES;58,24998664;34,72714735;
83;Buenos Aires;MARIA  MAGDALENA SIMON;ASCASUBI E/ PAZ Y PRINGLES 475;4257-5810;40;QUILMES;-58,23768965;-34,73617644;
84;Buenos Aires;GONZALO SIMONE;BROWN Y SAN LORENZO 106;4257-5854;37;QUILMES;-58,26253795;-34,71302152;
93;Buenos Aires;LUIS ALBERTO SOBOT;ECHEVERRIA E/ LAVALLE Y MORENO 192;4254-2249;22;QUILMES;-58,24566227;-34,73806755;
94;Buenos Aires;FRANCIS RODRIGO SOCA;BALCARCE Y MOZART S/N  VILLA LUJAN;4257-6067;47;QUILMES;-58,23347905;-34,7256319;
127;Buenos Aires;MA.DEL CARMEN --- STOMBELLINI;MONROE E/ LUGONES Y ASCASUBI 1577;4257-5830;52;QUILMES;-58,23245978;-34,73246167;
134;Buenos Aires;ALVARO JOSE SUAREZ;MARINERO LOPEZ E/ OTAMENDI Y ALSINA 575  LA RIBERA;4257-6084;27;QUILMES;-58,23195774;-34,70590206;
139;Buenos Aires;ANNABELA SUBURU;MORENO 769;4253-1487;52;QUILMES;-58,25629566;-34,72529068;
167;Buenos Aires;MARIA TESTA;CORDOBA E/ NECOCHEA Y BERUTTI 763  MARTINEZ;4792-0500;31;MARTINEZ;-58,51067557;-34,49148469;
168;Buenos Aires;GUILLERMO TESTORELLI;AVENIDA SANTA FE E/ MUÃ?IZ Y PACHECO 2304;4792-6166;42;MARTINEZ;-58,49854518;-34,49255044;
172;Buenos Aires;FEDERICO RUBEN TOBIA;EDISON ESQ. FLEMING 1596;4792-7369;24;MARTINEZ;-58,51694156;-34,50140292;
180;Buenos Aires;JOSEFINA BEATRIZ TOMMASINO;CORDOBA ESQ. LIMA 1950;4792-8965;59;MARTINEZ;-58,52406081;-34,49443259;
217;Buenos Aires;GLADYS URANGA;MAESTRA CUETO E/ INDEPENDENCIA Y CAB 750;4629-1781;56;MORON;-58,61916681;-34,64719888;
218;Buenos Aires;GUALBERTO RAMON URBELTZ;URUGUAY E/ GARCIA Y MITRE 451;4627-8733;64;MORON;-58,61765488;-34,65347392;
221;Buenos Aires;SILVIA VIRGINIA URIOSTE;ARREDONDO 2465;4629-2083;62;CASTELAR;-58,64315434;-34,64829743;
225;Buenos Aires;JUAN PEDRO URRUZOLA;RIO PIEDRAS E/ BUEN VIAJE Y FRENCH 290;4483-0160;62;MORON;-58,61266195;-34,65126649;
230;Buenos Aires;LIZARDO VALDEZ;MAISON E/ DRAGO Y ROCHA 531;4629-6909;52;CASTELAR;58,63664492;34,6544365;
232;Buenos Aires;JORGE DAMIAN VALENTINI;RICARDO BALBIN 850;4627-9438;44;MORON;-58,6199357;-34,64036937;
235;Buenos Aires;LEONARDO SEBASTIAN VALIENTE;LUIS M. CAMPOS Y BALCARCE 791  URBANO;4629-4722;63;MORON;-58,60648997;-34,65733388;
238;Buenos Aires;ABEL CESAR VANNI;CORRIENTES Y HUNGRIA S/N;4697-6057;36;CASTELAR;-58,64160503;-34,69367965;
255;Buenos Aires;PEDRO VAZQUEZ;WILLIAM MORRIS ESQ. CASA CUBERTA 3597  BÂº MARINA;4692-2347;64;CASTELAR;-58,66164139;-34,68326827;
257;Buenos Aires;JUAN VAZQUEZ;LACARRA E/ ARENA Y MBURUCUYA 2150  BARRIO SERE;4623-8402;55;CASTELAR;-58,66030416;-34,6686922;
259;Buenos Aires;TABARE RAMON VAZQUEZ;ACHAGA ESQ. TIERRA DEL FUEGO 3476;4697-2632/9266;34;CASTELAR;-58,64044027;-34,68624977;
261;Buenos Aires;DANILO ARIEL VAZQUEZ;GRITO DE ALCORTA E/CASTAÃ?OS Y ARENALES 911;4696-0212;60;MORON;-58,60763257;-34,66176634;
263;Buenos Aires;ALVARO VEGA;SANTA TERESA 2033;4696-4362;52;MORON;-58,61275702;-34,67252588;
276;Buenos Aires;ADELIO FERNANDO VELEZ;AZUL E/ CHILE Y SAN FRANCISCO 2848;4696-9265;63;MORON;-58,62246983;-34,67773954;
278;Buenos Aires;LAURA MARÍA VENTIMIGLIA;PERGAMINO E/ MACHADO Y RAUCH 1549;4661-1186;50;CASTELAR;-58,64821786;-34,64295573;
285;Buenos Aires;RUBEN MARIO VERNAZZA;CAÃ?ADA DE JUAN RUIZ 320;4483-0255;64;CASTELAR;-58,62886159;-34,64852217;
298;Buenos Aires;HECTOR MARIO VIDELA;BERUTTI E/ CONSTITUYENTES Y GANDARA 488;4629-6559;35;MORON;-58,61643133;-34,64428835;
302;Buenos Aires;WASHINGTON ENRIQUE VIGLIOLA;MIGUEL LILLO E/ AVELLANADA Y ARRIETA 2147;4489-1298;37;CASTELAR;-58,63784951;-34,6382698;
304;Buenos Aires;ANA MARIA VIGNOLI;CASULLO 125;4628-6106;31;MORON;-58,62435451;-34,64968277;
312;Buenos Aires;JUAN ANTONIO VILLAGRAN;AVENIDA MAIPU E/ LAVALLE Y ALVAREZ 501;4797-1987;51;VICENTE LOPEZ;-58,47835903;-34,53333426;
314;Buenos Aires;ROBERTO VILLAMIL;AV. MAIPU E/ SAN MARTIN Y ARENALES 1527;4797-0943;23;VICENTE LOPEZ;-58,48355041;-34,52368156;
410;Buenos Aires;Moscardi , Diego Fernando;ALMAFUERTE E ITALIA S/N  EL FAROL;469-1492;58;ENSENADA;-57,90024883;-34,86482691;
418;Buenos Aires;Fontenla, Guillermo Eduardo;URUGUAY Y QUINTANA (BÂº 25 DE MAYO) S/N  BARRIO 5 DE MAYO;469-2103;46;ENSENADA;-57,91929641;-34,85965464;
443;Buenos Aires;Aguilera, Luis Anibal;WENCESLAO DE TATA E/CURAPALIGUE Y MURI 4930;4750-2864;29;CASEROS;-58,56624052;-34,60120448;
446;Buenos Aires;Czykalski, Omar;LARRALDE Y DR. DELLA ROSA 1521;4750-0544;33;CASEROS;-58,56786151;-34,59583642;
447;Buenos Aires;Argibay, Pedro;J.SPANDONARI E/ PARODI Y REVIZO 3369  VILLA MATHEU;4716-6725;56;CASEROS;-58,57707873;-34,61353371;
448;Buenos Aires;Garcia Gomez, Jose Oscar;CARLOS TEJEDOR E/ MAGDALENA Y CAVASSA 4543  VILLA PINERAL;4750-3358;65;CASEROS;-58,56060582;-34,62047159;
449;Buenos Aires;Abalos, Victor Manuel;ANDRES FERREIRA E/BELGRANO Y URQUIZA 2679;4750-1311;43;CASEROS;-58,5649512;-34,60639936;
452;Buenos Aires;Cortez, Daniel Angel;SERRANO E/ BELGRANO Y BOUCHARD 2775  VILLA PARQUE;4734-6314;18;CASEROS;-58,54370187;-34,61430684;
477;Buenos Aires;Mantilla Soca , Luis Moises;URQUIZA 4694;4750-2431;29;CASEROS;-58,56184967;-34,60610892;
479;Buenos Aires;Arzuaga Anastasi, Victor Rene;PERU E/ SOL.BORDON Y LABARDEN 1104  BARRIO EVITA;4750-8337;63;CASEROS;-58,5551828;-34,61844952;
605;Buenos Aires;Grappi, Caludio Alberto;GERVASIO PAVON 3698  BÂº SAN JUAN;4692-4262;49;CASTELAR;-58,65381903;-34,68753849;
668;Buenos Aires;Rios, Hector Juan;FITZ ROY Y CENTENERA 4227;4484-8094;26;SAN JUSTO;-58,58266454;-34,68423049;
752;Buenos Aires;Feulien, Juan;9 E/ 47 Y 48 777;421-3505;31;LA PLATA;-57,95397263;-34,9154873;
754;Buenos Aires;Tortella, Claudio Ruben;PLAZA ADOLFO ALSINA (E/ 37 Y 38) 85;421-5849;48;LA PLATA;-57,95678342;-34,90023917;
755;Buenos Aires;Gentile, Eduardo Rafael;36 E/ 120 Y 121 41;422-3753;61;LA PLATA;-57,95087823;-34,89188703;
756;Buenos Aires;Miguelezzi, Norberto Luis;DIAG. 74 (E/ 57 Y 16) S/N;451-2767;45;LA PLATA;-57,95451802;-34,92701376;
757;Buenos Aires;Cavagna, Victor Angel;16 E/ DIAG. 73 Y 48 S/N;421-1616;29;LA PLATA;-57,96098532;-34,92197073;
758;Buenos Aires;Muñoz, Hector Alejandro;12 E/ 68 Y 69. S/N;451-9436;43;LA PLATA;-57,93753708;-34,93214238;
762;Buenos Aires;Veron, Victor;4 E/ 62 Y 63 S/N;421-3902;18;LA PLATA;-57,93549904;-34,92008623;
763;Buenos Aires;Fuste, Nora Irene;28 E/ 46 Y 47 728;479-3984;30;LA PLATA;-57,97400209;-34,93229695;
766;Buenos Aires;Liqui Roque, Normando;41 Y 22 S/N;470-6381;51;LA PLATA;-57,97411017;-34,92251008;
777;Buenos Aires;Kasyan, Denis;8 ESQ. 38 S/N;421-6304;56;LA PLATA;-57,96310875;-34,90695727;
780;Buenos Aires;Silva, Pablo Antonio;2 E/ 44 Y 45 639;421-5393;61;LA PLATA;-57,94976658;-34,90656842;
786;Buenos Aires;Perez, Arnaldo Enrique;DIAG 79 ESQ. 115 485;483-1348;16;LA PLATA;-57,9328445;-34,91502507;
788;Buenos Aires;Espinoza , Ramon Eduardo;68 E/ 115 Y 116 200;489-5473;18;LA PLATA;-57,92433522;-34,920671;
792;Buenos Aires;Lopez, Hector B;62 E/ 27 Y 28 S/N;457-0975;39;LA PLATA;-57,96053866;-34,94226286;
793;Buenos Aires;Lobos, Ovidio Durval;DIAG 73 E/ 36 Y 28 2308;425-7254;51;LA PLATA;-34,92295642;-57,98588301;
799;Buenos Aires;Acosta Rojas, Gustavo Roberto;54 E/ 19 Y 20 1248;451-7357;29;LA PLATA;-57,96020687;-34,9290516;
801;Buenos Aires;Vasquez, Roque Daniel;117 E/ 40 Y 41 427  BARRIO HIPODROMO;483-1217;50;LA PLATA;-57,95010828;-34,8994168;
811;Buenos Aires;Figueredo, Jorge Roberto;42 E/ 12 Y 13 S/N;483-4879;43;LA PLATA;-57,96334663;-34,91454993;
825;Buenos Aires;Zulberti, Jorge Omar;17 E/ 35 Y 36 170;421-1179;20;LA PLATA;-57,9750132;-34,91274875;
829;Buenos Aires;GABRIEL ARCANGEL CARDENAS CACERES;49 Y 23 S/N;451-8841;63;LA PLATA;-57,96687133;-34,92920248;
830;Buenos Aires;MARIANELLA CARDENAS GONZALEZ;;421-2978;19;LA PLATA;;;
831;Buenos Aires;GLENIA ALEJANDRA CARDONA BOTELLO;DIAGONAL 78 E/4 Y 5;489-5094;39;LA PLATA;-57,94169378;-34,9163664;
904;Buenos Aires;ANGELICA MARIA RUBIO RANGEL;AVDA.MITRE E/SARMIENTO Y 25 DE MAYO 750;4201-8934;62;AVELLANEDA;-58,36457133;-34,6623673;
910;Buenos Aires;JORGE ALEJANDRO URIBE VERA;9 DE JULIO E/ SAN MARTIN Y BELGRANO 214;4222-0222;37;AVELLANEDA;-58,364307;-34,66542976;
914;Buenos Aires;MAIRA ALEJANDRA CASTRO DIAZ;CHACABUCO E/ MONTES DE OCA Y ALMAFUERT 771  VILLA TRANQUILA;4201-8412;51;AVELLANEDA;-58,3627799;-34,65388604;
915;Buenos Aires;CLAUDIA ANDREA CASTRO MENDOZA;25 DE MAYO E/ ESTRADA Y ZEBALLOS 371;4201-6729;30;AVELLANEDA;-58,36290521;-34,66023133;
941;Buenos Aires;ANA MARIA ANSELMY VILLAMIL;LAVALLE E/ BELGRANO 131;4222-7492;61;AVELLANEDA;-34,66362849;-58,36778909;
957;Buenos Aires;ERIKA ISABEL SALINAS CIFUENTES;BELGRANO E/ AGOSTA Y ESPAÃ?A 355;4201-2431;56;AVELLANEDA;-58,36919455;-34,66102037;
972;Buenos Aires;ROQUE GASTON ALVEZ;VOLCAN DOMUYO .4514  BARRIO DERQUI;4101-0606;63;CASEROS;-58,56000297;-34,61762266;
973;Buenos Aires;EVA MYRIAN ALVEZ;AV.URQUIZA 4417;4750-1281;31;CASEROS;-58,55788658;-34,60598169;
1002;Buenos Aires;TACUABE CABRERA;A.PINNI E/ OLAVARRIA Y PRINGLES 5256;4759-9241;29;CASEROS;-58,5729243;-34,61914201;
1004;Buenos Aires;MYRIAM GRACIELA CACERES;SOLARI 3475;4697-9341;54;MORON;-58,63134159;-34,68245305;
1236;Buenos Aires;FERNANDO DE LA PEÑA;50 E/ 117 Y 118 S/N;423-6698/99;16;LA PLATA;-57,9430304;-34,90764537;
1468;Buenos Aires;OSCAR DANIEL GESTIO;DOLORES Y MADARIAGA 3950;4484-8161;61;SAN JUSTO;58,57465608;34,68628157;
1471;Buenos Aires;HERIBERTO OMAR GHIBAUDI;INCLAN Y ZAPIOLA 1856  VILLA SAHORES;4484-0370;34;SAN JUSTO;-58,54391879;-34,68270899;
1481;Buenos Aires;LEONARDO GIMENEZ;RAMON FALCON Y JUJUY 2705;4461-0982;41;SAN JUSTO;58,57410273;34,67116562;
1484;Buenos Aires;MARIA RAQUEL GINI;JOSE MARTI E/ CABRERA Y MATHEU 3671;4651-6900;30;SAN JUSTO;-58,54096493;-34,67715967;
1485;Buenos Aires;PEDRO GIORDANO;CERVIÃ?O Y PAMPA 3497;4441-3607;54;SAN JUSTO;-58,57534413;-34,67903045;
1502;Buenos Aires;JUAN GOMEZ;CENTENERA Y A. ILLIA 2871;4651-8953;18;SAN JUSTO;-58,57738248;-34,68830259;
1508;Buenos Aires;SONIA ANA GOMEZ;CENTENERA Y PARRAL 4041  VILLA CONSTRUCTORA;4691-0255;20;SAN JUSTO;-58,5652007;-34,69720355;
1536;Buenos Aires;ELBIO GONZALEZ;PEDRO LEON GALLO Y GABOTO 4590;4691-3862/67;44;SAN JUSTO;-58,56065033;-34,70358498;
1538;Buenos Aires;MÓNICA PATRICIA GONZALEZ;LA RIOJA E/ DERQUI Y THAMES 115  BARRIO ALMAFUERTE;4023-9261;28;SAN JUSTO;-58,54742015;-34,6967197;
1555;Buenos Aires;OSCAR RODOLFO GRECCO;CANADA Y CENTANARIO 4664;4625-3298;18;SAN JUSTO;-58,56948423;-34,70004804;
1564;Buenos Aires;OLGA MAGDALENA GUARINO;SALTA Y ENTRE RIOS 2309;4484-8184;49;SAN JUSTO;-58,56183019;-34,67549508;
1612;Buenos Aires;ALEJANDRO HERNANDEZ;;4651-3232;44;SAN JUSTO;;;
1877;Buenos Aires;ADOLFO SALABERRY;SALALA Y ARGENTINA 1388;4484-1335;15;SAN JUSTO;-58,54933483;-34,67361693;
1880;Buenos Aires;IRMA ISABEL SANCHEZ;FIGUEROA ALCORTA Y PERU 3396;4484-8110;50;SAN JUSTO;-58,56950099;-34,68716786;
1888;Ciudad de Buenos Aires;HUGO GABRIEL LIBONATTI;AREVALO 1408 PALERMO;4772-9560;35;CIUDAD DE BUENOS AIRES;-58,44321189;-34,58333385;
1898;Ciudad de Buenos Aires;GABRIEL LOMBIDE;MURGUIONDO 1347 MATADEROS;4687-1738;45;CIUDAD DE BUENOS AIRES;-58,50745183;-34,65201454;
1899;Ciudad de Buenos Aires;ESTELA LONG;AVDA. JUAN BAUTISTA ALBERDI 4755 VILLA LURO;4683-3331;18;CIUDAD DE BUENOS AIRES;-58,49259416;-34,64372836;
1914;Ciudad de Buenos Aires;WILFREDO LOPEZ;MONTIEL 153 LINIERS;4641-0275;50;CIUDAD DE BUENOS AIRES;-58,52593525;-34,64117986;
1923;Ciudad de Buenos Aires;JULIO C. LOUREIRO;ROQUE PEREZ 3545 SAAVEDRA;4542-9918;58;CIUDAD DE BUENOS AIRES;-58,47757756;-34,55521156;
1928;Ciudad de Buenos Aires;EDUARDO LUCAS DE OLIVERA;TILCARA 3365 NUEVA POMPEYA;4918-7654;31;CIUDAD DE BUENOS AIRES;-58,42010992;-34,65483501;
1929;Ciudad de Buenos Aires;HECTOR JOAQUIN LUCIAN;ESPINOSA 2547 PATERNAL;4581-4209;18;CIUDAD DE BUENOS AIRES;-58,46733225;-34,60074313;
1947;Ciudad de Buenos Aires;RUBEN MARIA MACIEL;REMEDIOS DE ESCALADA DE SAN MARTIN 2986 VILLA SANTA RITA;4583-4567;20;CIUDAD DE BUENOS AIRES;-58,47876074;-34,61617377;
1958;Ciudad de Buenos Aires;MARIANA MALET;GRAL. ENRIQUE MARTINEZ 1432 COLEGIALES;4552-5923;48;CIUDAD DE BUENOS AIRES;-58,46042163;-34,57506172;
1960;Ciudad de Buenos Aires;JAVIER LEOMAR MALLORCA;SALOM 332 BARRACAS;4301-2398;25;CIUDAD DE BUENOS AIRES;-58,38226551;-34,64640825;
1968;Ciudad de Buenos Aires;DIANA BEATRIZ MARCOS;IBERA 5734 VILLA URQUIZA;4572-3558;26;CIUDAD DE BUENOS AIRES;-58,49737664;-34,57089521;
2036;Ciudad de Buenos Aires;CARLOS JOSE MATTOS;CARLOS PELLEGRINI 1515 RETIRO;4322-3992/96/98/4708;34;CIUDAD DE BUENOS AIRES;-58,38109044;-34,59072747;
2045;Ciudad de Buenos Aires;GRACIELA MAZZUCHI;PEDRO MORAN 2899 AGRONOMIA;4572-5388;32;CIUDAD DE BUENOS AIRES;-58,49568829;-34,59245499;
2060;Ciudad de Buenos Aires;ALEJANDRA MENDEZ;AVDA. ALVAREZ JONTE 4651 MONTE CASTRO;4566-4798;64;CIUDAD DE BUENOS AIRES;-58,50363296;-34,61883501;
2061;Ciudad de Buenos Aires;SILVIA MENDEZ;AVDA. RIESTRA 5030 VILLA LUGANO;4601-0067;47;CIUDAD DE BUENOS AIRES;-58,4688523;-34,67221462;
2074;Ciudad de Buenos Aires;CÉSAR DANIEL MENONI;AVDA. LAFUENTE 2670 VILLA SOLDATI;4918-3541;34;CIUDAD DE BUENOS AIRES;-58,44379563;-34,65841913;
2078;Ciudad de Buenos Aires;GLORIA GABRIELA MERIALDO;CARBAJAL 4019 VILLA ORTUZAR;4552-4004/5;49;CIUDAD DE BUENOS AIRES;-58,46887923;-34,57666467;
2086;Ciudad de Buenos Aires;MARIA AUXILIADORA MEZZONI;CUZCO 116 LINIERS;4641-3955;41;CIUDAD DE BUENOS AIRES;-58,52750285;-34,63829147;
2088;Ciudad de Buenos Aires;RAFAEL EUGENIO MICHELINI;AVDA. JUAN BAUTISTA ALBERDI 163 CABALLITO;4901-6444;54;CIUDAD DE BUENOS AIRES;-58,42984293;-34,6223123;
2104;Ciudad de Buenos Aires;ADEL MIRZA;AVDA. ASAMBLEA 1221 PARQUE CHACABUCO;4923-0115;22;CIUDAD DE BUENOS AIRES;-58,44176134;-34,63577754;
2117;Ciudad de Buenos Aires;MARCELO MARCOS MONTANER;NICASIO OROÃ?O 1431 CABALLITO;4581-9922;40;CIUDAD DE BUENOS AIRES;-58,45774208;-34,60883265;
2138;Ciudad de Buenos Aires;DORIS PERLA MORALES;MONTIEL 1041 LINIERS;4641-3921;33;CIUDAD DE BUENOS AIRES;-58,52533604;-34,6509544;
2154;Ciudad de Buenos Aires;NIDIA MOROSINI;AVDA. DEL LIBERTADOR 4903 PALERMO;4772-0922;18;CIUDAD DE BUENOS AIRES;-58,43477704;-34,56361204;
2155;Ciudad de Buenos Aires;JORGE LUIS MOTA;CARACAS 1249 VILLA GRAL. MITRE;4581-1874;60;CIUDAD DE BUENOS AIRES;-58,46663205;-34,61610724;
2170;Ciudad de Buenos Aires;ORLANDO MUNOZ;CONDE 223 COLEGIALES;4551-8500;42;CIUDAD DE BUENOS AIRES;-58,44541088;-34,57953109;
2181;Ciudad de Buenos Aires;GASTON NAVARRO;RECONQUISTA 461 SAN NICOLAS;4312-0918;64;CIUDAD DE BUENOS AIRES;-58,37212052;-34,60228739;
2187;Ciudad de Buenos Aires;CARLOS NEGRO;AYACUCHO 1849 RECOLETA;4804-5038;31;CIUDAD DE BUENOS AIRES;-58,39004896;-34,58863466;
2189;Ciudad de Buenos Aires;WILSON ALFREDO NETTO;AVDA. SANTA FE 1510 RECOLETA;4811-9814;51;CIUDAD DE BUENOS AIRES;-58,38828519;-34,59578986;
2198;Ciudad de Buenos Aires;RODOLFO NIN;AVDA. SAN PEDRITO 1415 FLORES;4612-8119;35;CIUDAD DE BUENOS AIRES;-58,45715227;-34,64606639;
2204;Ciudad de Buenos Aires;ZOSIMO NOGUEIRA DE MELLO;O'HIGGINS 2441 BELGRANO;4785-6973/1788;18;CIUDAD DE BUENOS AIRES;-58,45521958;-34,55625815;
2215;Ciudad de Buenos Aires;SIRLEY MARY NUÑEZ;CNEL. APOLINARIO FIGUEROA 661 VILLA CRESPO;4584-0390;37;CIUDAD DE BUENOS AIRES;-58,4484899;-34,60636826;
2217;Ciudad de Buenos Aires;OSCAR CELMAR NUÑEZ;BUCARELLI 1950 VILLA URQUIZA;4521-0014;63;CIUDAD DE BUENOS AIRES;-58,48406372;-34,57995036;
2222;Ciudad de Buenos Aires;JULIA MYRIAM ODELLA;AVDA. CNEL. CARDENAS 2652 MATADEROS;4687-2077;50;CIUDAD DE BUENOS AIRES;-58,50161663;-34,66682088;
2223;Ciudad de Buenos Aires;HUGO ENRIQUE ODIZZIO;ZINNY 1641 PARQUE AVELLANEDA;4671-2347;52;CIUDAD DE BUENOS AIRES;-58,47117121;-34,6524372;
2236;Ciudad de Buenos Aires;JULIA ALBA OLIVER;AVDA. RIVADAVIA 6065 CABALLITO;4632-1913;32;CIUDAD DE BUENOS AIRES;-58,45089453;-34,6243265;
2238;Ciudad de Buenos Aires;OVIDIO ERNESTO OLIVERA;HIDALGO 635 CABALLITO;4902-1431;50;CIUDAD DE BUENOS AIRES;-58,44006456;-34,61209444;
2240;Ciudad de Buenos Aires;JOSÉ MANUEL OLIVERA;PEDRO CALDERON DE LA BARCA 3073 VILLA DEVOTO;4568-9085;30;CIUDAD DE BUENOS AIRES;-58,52189838;-34,61369851;
2254;Ciudad de Buenos Aires;ALEJANDRO MARCELO ORELLANO;MANUEL ARTIGAS 5951 MATADEROS;4682-1678;62;CIUDAD DE BUENOS AIRES;-58,50251011;-34,65007086;
2260;Ciudad de Buenos Aires;YAMANDU RAMON ORSI;MONTESQUIEU Y AVDA. GRAL IRIARTE ALT 3501 0000 BARRACAS;4302-4324;38;CIUDAD DE BUENOS AIRES;-58,39676841;-34,65265814;
2276;Ciudad de Buenos Aires;GRACIELA PERAZA;MOLDES 2043 BELGRANO;4787-2691;47;CIUDAD DE BUENOS AIRES;-58,45847381;-34,56387135;
2325;Ciudad de Buenos Aires;ADOLFO LUIS PEREZ;DEFENSA 1431 SAN TELMO;4362-0200;15;CIUDAD DE BUENOS AIRES;-58,371107;-34,62463602;
2329;Ciudad de Buenos Aires;MARIA NOEL PINASCO;CNEL. RAMON L. FALCON 4801 VILLA LURO;4683-3354;52;CIUDAD DE BUENOS AIRES;-58,49454798;-34,63818557;
2341;Córdoba;;MOLLEYACO ESQ.PAYEN S/N BARRIO CERRO NORTE MOLLEYACO;449085;22;CORDOBA;-64,27980081;-31,3232745;
2344;Córdoba;DORA ALIX BOLIVAR VERA;POTRERILLO ESQ. VENTA Y MEDIA S/NÂº LOMAS DEL SUQUIA;4347826;20;CORDOBA;-64,25343691;-31,40001961;
2345;Córdoba;CARLOS ALBERTO BONILLA SANCHEZ;CALLE PUBLICA  EL CHINGOLO I;4927733;46;CORDOBA;-64,16284334;-31,34371029;
2346;Córdoba;ADRIANA DEL PILAR BRAVO SUAREZ;PJE. SAN LUIS 3450 LOS PLATANOS;4347887;55;CORDOBA;-64,22971612;-31,41361764;
2348;Córdoba;SANDRA PATRICIA DIAZ GARCIA;VIAS DE FFCC GRAL.BEGRANO ESQ.JAPON  REMEDIOS DE ESCALADA;4995814;34;CORDOBA;-64,18114696;-31,33659435;
2349;Córdoba;EDITH CAROLINA ECHEVERRIA;DEFENSA Y CACHEUTA  VILLA EL LIBERTADOR;4343128;37;CORDOBA;-64,21782105;-31,46863098;
2350;Córdoba;STEFANNY MARIA ESLAVA PEDRAZA;CALLE PUBLICA  CIUDAD JUAN PABLO II CIUDAD JUAN PABLO II;4345137;18;CORDOBA;-64,15324472;-31,36401447;
2351;Córdoba;MILENA FLOREZ FLOREZ;CASTRO BARROS 802 SAN MARTIN Seccional 9 - Hospital Pedi?ico;4345142;64;CORDOBA;-64,19867447;-31,39791852;
2352;Córdoba;LEISY LILIANA JACOME DELGADO;DOMINGO IROS 550 VILLA URQUIZA DOMINGO IROS ESQ. HUMBERTO 1Âº;4337315;53;CORDOBA;-64,24010339;-31,39240803;
2353;Córdoba;DIANA MARIA LOPEZ RICO;PILCOMAYO Y DEFENSA ESQ.CARMELO IBARRA s/n? VILLA EL LIBERTADOR;4333325;55;CORDOBA;-64,21666798;-31,46902781;
2354;Córdoba;LESLIE STEPHANIE MEDINA QUINTERO;SOBREMONTE 6100 COMERCIAL;433201/3323;51;CORDOBA;-64,21547648;-31,4841233;
2355;Córdoba;JORGE ENRIQUE MORENO SANDOVAL;JACINTO DE ALTOLAGUIRRE 2089 YOFRE NORTE;4349723;27;CORDOBA;-64,13429508;-31,3851464;
2356;Córdoba;ALVARO ORTEGA PALENCIA;AV. COLON 951 ALBERDI;4332309/07;64;CORDOBA;-64,19592911;-31,41017414;
2359;Córdoba;FARID ZAFRA ARIAS;FERDINAND DE LESSEPS 140 CENTRO AMERICA;4345205;43;CORDOBA;-64,17312797;-31,37539346;
2362;Córdoba;GLADYS BAUTISTA JAIMES;CORTADA 8  REMEDIOS DE ESCALADA;4332897;54;CORDOBA;-64,17879222;-31,3387086;
2364;Córdoba;ELKIN HERNAN CIFUENTES BUSTAMENTE;AUGUSTO LOPEZ 643 GENERAL BUSTOS;4336040;28;CORDOBA;-64,17273079;-31,39347949;
2365;Córdoba;JAVIER ORLANDO ESTEBAN PEREZ;CADIZ Y LUCIO V. MANSILLA  COLON;4348821;63;CORDOBA;-64,15356254;-31,43896035;
2367;Córdoba;JOSE HERIBERTO FUENTES RINCON;RIO PRIMERO 1208 ALTAMIRA BARRIO ALTAMIRA;4348809;29;CORDOBA;-64,13253262;-31,42376675;
2368;Córdoba;ANGELA DEL ROCIO GUERRERO CASTAÑEDA;CALLE PUBLICA ESQ.DOCENTES ARGENTINOS S/NÂº  LOS ROBLES BÂ° LOS ROBLES;4347859;28;CORDOBA;-64,26170971;-31,40315619;
2369;Córdoba;INIRI HURTADO;JOSE ESTEBAN BUSTOS 1875 CERRO DE LAS ROSAS BÂ° CERRO DE LAS ROSAS;4810538;38;CORDOBA;-64,23494688;-31,3727755;
2370;Córdoba;MARIA ALEXANDRA JURADO LIZARAZO;BOYERO 517 CHATEAU CARRERAS;4347883;40;CORDOBA;-64,25859951;-31,38578601;
2372;Córdoba;CLAUDIA ISABEL LASPRILLA TORO;TOTORAL Y ARICA S/NÂº RESIDENCIAL SANTA ROSA;4333554;25;CORDOBA;-64,20760461;-31,4774911;
2373;Córdoba;ERIKA JULIETH LONDOÑO REY;GARIBALDI 710 ALTO GENERAL PAZ HOSPITAL CORDOBA;4339182;43;CORDOBA;-64,15657835;-31,40513974;
2376;Córdoba;TATIANA MARIA MOJICA QUINTERO;PEDRO HURTADO ESQ. PEDRO ACU?A S/NÂº RESIDENCIAL SAN ROQUE;4343323;44;CORDOBA;-64,24285221;-31,42314829;
2377;Córdoba;LUZ HELENA MORALES MENDOZA;CRUZ ALTA 8500 VILLA ALLENDE PARQUE;439690;43;CORDOBA;-64,2857;-31,314;
2378;Córdoba;GONZALO ORTIZ GODOY;VALERIO BETA 7300 ARGUELLO NORTE;449083;16;CORDOBA;-64,26207616;-31,32553606;
2382;Córdoba;HUGO MAURICIO SANCHEZ CARVAJAL;AMBOY 3230 OÃ?A BÂ° OÃ?A;4334554;18;CORDOBA;-64,16578306;-31,450255;
2383;Córdoba;MARLYN ELIANA SANTANDER GELVEZ;BARBADOS Y HAITI S/N VICOR;4343470;20;CORDOBA;-64,24751821;-31,47961651;
2384;Córdoba;KARELIS SANTOS RODRIGUEZ;EUSTAQUIO DIAZ VELEZ 2500 PATRICIOS ESTE;4335115;30;CORDOBA;-64,13572949;-31,3677625;
2390;Córdoba;SANDY YURLEY GUTIERREZ SARMIENTO;MONTERROSO 4597 GENERAL ARTIGAS;4334559;64;CORDOBA;-64,20044843;-31,46503351;
2391;Córdoba;ANDRES MAURICIO HERNANDEZ CAMARGO;CALLE PUBLICA S/NÂº VILLA RIVADAVIA CAMINO SAN ANTONIO -KM 9 1/2;4343144;40;CORDOBA;-64,19074809;-31,51358564;
2395;Córdoba;MONICA ANDREA MARIÑO GUZMAN;RIO NEGRO 486 CASEROS;4347882;46;CORDOBA;-64,20686383;-31,41482409;
2397;Córdoba;ENDER ELIECER NAVARRO LEON;AV. MAYOR FERNANDO CASADO 2118 SANTA ISABEL 1Âº SECCION;4333553;16;CORDOBA;-64,23470735;-31,47103266;
2398;Córdoba;JAIRO ORTIZ LEON;PEDRO DE LEDESMA 1755 PARQUE MONTECRISTO BÂ° PARQUE MONTECRISTO;4511437;25;CORDOBA;-64,14107183;-31,38862303;
2400;Córdoba;LISETH KATHERINE PEÑARANDA URBINA;AV. JUAN B. JUSTO 5858 LICEO;4332870/81;61;CORDOBA;-64,17591516;-31,34748845;
2402;Córdoba;CRISTIAN ANDRES RIOS ACUÑA;CONESA Y  BENAVIDEZ S/NÂº NICOLAS AVELLANEDA;4348927;41;CORDOBA;-64,10414962;-31,463004;
2404;Córdoba;ARNOLD ANTONIO SANCHEZ MALDONADO;SARGENTO CABRAL 1153 SAN VICENTE;4348796;52;CORDOBA;-64,15011576;-31,4216512;
2405;Córdoba;FLOR AIDY TORRES HERNANDEZ;ESQUIU 1340 PUEYRREDON BÂ° PUEYRREDON;4331658;42;CORDOBA;-64,17513853;-31,40291389;
2406;Córdoba;DIEGO VILLAMIZAR SALINAS;GERMANIA 2665 YAPEYU BÂ° YAPEYU;4339174;38;CORDOBA;-64,14962655;-31,41298818;
2407;Córdoba;LUIS ALBERTO ANDRADE LUNA;AGUSTIN GARZON 2738 SAN VICENTE BÂ° SAN VICENTE;4553118/4338901;49;CORDOBA;-64,14890768;-31,42560532;
2408;Córdoba;SHIRLEY KATHERINE AVELLANEDA DELGADO;PEDERNERA 952 SAN VICENTE;4348824;18;CORDOBA;-64,13882557;-31,42056071;
2409;Córdoba;ANA KARINA BRICEÑO OVALLES;CALLE PUBLICA Y LOS SICILIANOS  LOS BOULEVARES;4335127/5422;26;CORDOBA;-64,22006564;-31,33962152;
2412;Córdoba;RAFAEL DARIO GALLEGO RINCON;AV. 24 DE SETIEMBRE 2400 YAPEYU;4349731;49;CORDOBA;-64,15279738;-31,41028864;
2413;Córdoba;YINETH KARINA GARCIA ROMERO;RIO NEGRO 5800 VILLA EL LIBERTADOR;4343045;18;CORDOBA;-64,22472195;-31,48035889;
2417;Córdoba;ANA LORENA MEZA RAMON;MAURICIO YADAROLA 653 GENERAL BUSTOS;4345192;42;CORDOBA;-64,16800831;-31,38795581;
2418;Córdoba;URIEL OMAÑA MENDEZ;COCHABAMBA 3200 PUEYRREDON BÂ° PUEYRREDON;4339187;29;CORDOBA;-64,14717373;-31,39555667;
2419;Córdoba;ELIANA LIZETH ORELLANOS DURAN;CORNELIO SAAVEDRA 619 SAN MARTIN;4336206;52;CORDOBA;-64,19635797;-31,38526095;
2423;Córdoba;HERIKA YOHANA PICON SANCHEZ;TALAVERA DE MADRID 3261 LA FRANCE BÂ° LA FRANCE;4769806;19;CORDOBA;-64,20784329;-31,37431499;
2424;Córdoba;CLAUDIA YASMIN SOTO ROJAS;D'ALEMBERT S/NÂ°  VILLA BELGRANO BÂ° VILLA BELGRANO;449081;17;CORDOBA;-64,25260074;-31,36121289;
2429;Córdoba;NANCY ESTELLA ASCANIO CASTILLA;WENCESLAO PAUNERO ESQ. C. ARENAL  PARQUE SARMIENTO;4334520;55;CORDOBA;-64,17900765;-31,43349999;
2430;Córdoba;HERNAN JOSE BOBADILLA MARTELO;ALVAREZ DE LAS CASAS 280 AYACUCHO;4345123;64;CORDOBA;-64,17114638;-31,37972522;
2433;Córdoba;GREYDA ANYELI CARDENAS CONTRERAS;PASCUAL RUIZ HUIDOBRO ESQ. SAN ANDRES  EL QUEBRACHO;4505403;17;CORDOBA;-64,14301153;-31,47554719;
2434;Córdoba;XIOMARA CARRILLO FLOREZ;MARIA DE LA SERNA 2850 LAS LILAS;4348872;51;CORDOBA;-64,13327139;-31,44546357;
2435;Córdoba;GLADYS YANNETTE CHIVATA BARRERA;LUIS ANGEL FIRPO 2254 ZUMARAN;4345231;40;CORDOBA;-64,20352625;-31,37454499;
2436;Córdoba;LUZ MARIBEL FIGUEROA PARRA;SANTIAGO CACERES 2099 CACERES;4343052;32;CORDOBA;-64,19873665;-31,43322332;
2437;Córdoba;JENNY CARLOTA GOLU PACHECO;MARTIN FERMIN S/n? I.P.V. ARGUELLO NORTE;449095;23;CORDOBA;-64,24657163;-31,33668285;
2439;Córdoba;SANDRA MILENA GOMEZ RAMIREZ;CALLE PUBLICA  I.P.V.(CNO. A VILLA POSSE) Frente plaza central del barrio;4348855;44;CORDOBA;-64,1085274;-31,4438048;
2440;Córdoba;DENYS MAYERLING MURILLO JARAMILLO;COQUENA 7985 VILLA 9 DE JULIO ARGUELLO;449424;40;CORDOBA;-64,27362709;-31,32863182;
2445;Córdoba;NERYS ANGELICA PEREZ CAICEDO;CALLE PUBLICA  VILLA RETIRO RUTA 111 KM. 7 1/2;4991310;57;CORDOBA;-64,14752944;-31,3422874;
2446;Córdoba;CARMEN ZORAIDA ROJAS;SANTA ROSA 340 CENTRO;4332356;36;CORDOBA;-64,18718105;-31,41119799;
2447;Córdoba;MARTHA LILIANA ROZO DELGADO;AV. 11 DE SETIEMBRE 4451 RAMON J. CARCANO;4348734;44;CORDOBA;-64,14791744;-31,46397175;
2448;Córdoba;GERSON JESUS RUIZ PEREZ;MALALCO 7261 U.O.C.R.A. BÂ° U.O.C.R.A.;429907;48;CORDOBA;-64,261024;-31,32147454;
2462;Córdoba;EVELIN LISSET LIZCANO TOLOZA;PLAZA 17 DE OCTUBRE  CIUDAD EVITA BÂ°CIUDAD EVITA - ACCESO POR RUTA N?9 FRENTE A FIAT;4348770;54;CORDOBA;-64,11003923;-31,44934325;
2464;Córdoba;ANA KARINA LOZANO MARULANDA;HERMINIO MALVINO 2772 LAS MARGARITAS Rejas verdes;4345233;46;CORDOBA;-64,21180311;-31,37705269;
2465;Córdoba;CARMEN ELENA MALDONADO RODRIGUEZ;CALLE PUBLICA S/NÂº GRANJA DE FUNES 2Â° SECCION;449091;41;CORDOBA;-64,242476;-31,333523;
2468;Córdoba;JULIAN GONZALO OLARTE JIMENEZ;LA GRANJA 3199 ALTO VERDE BÂ° ALTO VERDE;4813318;32;CORDOBA;-64,22090907;-31,37173934;
2469;Córdoba;LIDIA JULIANA OMEARA CLAVIJO;MONTUFAR Y CORONADO 7126 QUINTAS DE ARGUELLO;449086/ 7;32;CORDOBA;-64,27018462;-31,33887363;
2472;Córdoba;RITA JANITH PORTILLA MONCADA;TRAFALGAR 875 ALTA CORDOBA BÂ° ALTA CORDOBA;4336050;57;CORDOBA;-64,18581559;-31,38657456;
2473;Córdoba;DANIA MARIBEL PUERTO GOMEZ;GRAL.TOMAS GUIDO 114 SAN MARTIN;4346071;35;CORDOBA;-64,1923758;-31,40253204;
2474;Córdoba;YULY KARIME SANTOS SPADAFFORA;CALLAO 2320 1Â° DE MAYO AGUSTIN GARZON;4348926;37;CORDOBA;-64,12050454;-31,43608383;
2476;Córdoba;YEFERSON VERGEL CONTRERAS;AV.JUAN B.JUSTO 4800 MARIA LASTENIA CAMINO A JESUS MARIA /RUTA NAC. 9 NORTE KM 8 1/2;4995819;63;CORDOBA;-64,17508502;-31,32489286;
2478;Córdoba;MARIA INES ABADIE;QUINCHAN 1070 PARQUE REPUBLICA;4347867;24;CORDOBA;-64,2629743;-31,41628916;
2479;Córdoba;RAQUEL ELIZABET ABAL;RODRIGUEZ DE LA TORRE 1383 SUAREZ BÂ° SUAREZ;4343041;19;CORDOBA;-64,21149188;-31,4411308;
2482;Córdoba;ARIEL ABARNO;AV. BERNARDO O HIGGINS KM 8  S/NÂº VILLA SAN CARLOS;4334526;51;CORDOBA;-64,16863307;-31,50206678;
2483;Córdoba;WINSTON FRANKLIN ABASCAL;LA RIOJA 1450 ALTO ALBERDI entre Av.SANTA FE y CHUBUT;4337040/45;36;CORDOBA;-64,20183204;-31,40575304;
2485;Córdoba;MERCEDES MARIA ABDALA;MARIO BRAVO ESQ. PASAJE MATHEU 5030 RENACIMIENTO BARRIO RENACIMIENTO;4338564;38;CORDOBA;-64,12179394;-31,41938439;
2487;Córdoba;ALCIDES ABREU;ASTURIAS 1947 COLON Iglesia San Pablo Apostol;4338905;17;CORDOBA;-64,15730076;-31,43836037;
2488;Córdoba;MIRTA GRACIELA ABREU;LA CORUÃ?A 1416 CRISOL SUR;4348828;52;CORDOBA;-64,16755535;-31,43338253;
2489;Córdoba;SERGIO ABREU;CARLOS TEJEDOR 1958 SARMIENTO A dos cuadras de la Av. Sabattini;4338907;46;CORDOBA;-64,15536894;-31,43120565;
2490;Córdoba;DORITA ABUCHALJA;CALLE PUBLICA S/NÂº  CIUDAD OBISPO ANGELELLI BÂ° CIUDAD OBISPO ANGELELLI - CNO. A SAN ANTONIO KM 8;4343441;57;CORDOBA;-64,18606574;-31,49620105;
2491;Córdoba;;AV. ARTURO CAPDEVILA KM 9 S/NÂº VILLA ESQUIU;4999125/4999921;33;CORDOBA;-64,10788088;-31,35910792;
2492;Córdoba;JOSE BARTOLOME ACOSTA;CALLE PUBLICA S/NÂº  29 DE MAYO CORDOBA - CIUDAD DE LOS CUARTETOS;;30;CORDOBA;-64,12531302;-31,37083811;
2493;Córdoba;NELSON EDUARDO ACOSTA;BENJAMIN VIEL 2387 VILLA BUSTOS BÂ° VILLA BUSTOS;4348791;35;CORDOBA;-64,11299697;-31,43609598;
2494;Córdoba;JUAN CARLOS ACOSTA;LOPEZ Y PLANES 2378 SAN VICENTE A 150 MTS. AV. COSTANERA;4348735;20;CORDOBA;-64,15288384;-31,42093417;
2495;Córdoba;MARTHA VANDA ACOSTA;ORTIZ Y HERRERA 1932 CRISOL NORTE;4348925;29;CORDOBA;-64,16254013;-31,42988737;
2497;Córdoba;EFRAIN ANDRES ACUÑA;JOAQUIN MONTAÃ?A 1350 VILLA  AZALAIS;4335166;60;CORDOBA;-64,15284657;-31,3764982;
2499;Córdoba;GERARDO ADDIEGO;RODRIGUEZ PEÃ?A 1548 ALTA CORDOBA BÂ° ALTA CORDOBA;4336048;43;CORDOBA;-64,1900354;-31,39626223;
2500;Córdoba;ERNESTO AGAZZI;AV.24 DE SETIEMBRE 1088 GENERAL PAZ BÂ° GENERAL PAZ;4332314;49;CORDOBA;-64,16860475;-31,41455691;
2502;Córdoba;TABARE AGUERRE;PASAJE GUASTONI 3472 BRIGADIER SAN MARTIN(EX-CORRAL DE PAL;4348731;36;CORDOBA;-64,14085712;-31,43938382;
2504;Córdoba;VICTOR HUGO AGUILAR;CALLE PUBLICA S/N LOS GIGANTES BÂ° LOS GIGANTES;4345195;56;CORDOBA;-64,2609163;-31,31297;
2506;Córdoba;JOSE MARIA AGUIRRE;AV. VELEZ SARSFIELD 3582 LAS FLORES BÂ° LAS FLORES;4619768;59;CORDOBA;-64,20072154;-31,45124142;
2507;Córdoba;ESTEBAN RAUL AGUSTONI;BARTOLOME HIDALGO ESQ. F.AMEGHINO 1050 PARQUE LICEO 2Âº SECCION B? PARQUE LICEO  SEGUNDA SECCION;4332930;22;CORDOBA;-64,16016022;-31,35926446;
2508;Córdoba;ROBERTO AIRALDI;ABEL CHANETON 390 SAN FERNANDO;4334551;22;CORDOBA;-64,19259591;-31,44729058;
2509;Córdoba;EDGARDO RAMON AIZCORBE;VICENTE FORESTIERI Y CARMELO IBARRA S/NÂº VILLA EL LIBERTADOR;4333556;26;CORDOBA;-64,22293038;-31,47128664;
2510;Córdoba;DENISE HAIFA AKIKI;SUECIA 2832 PARQUE VELEZ SARSFIELD BÂ° PARQUE VELEZ SARSFIELD;4343050;52;CORDOBA;-64,20601019;;
2514;Córdoba;GERARDO ALMEIDA;AVENIDA PUEYRREDON 2400 RESIDENCIAL ALBERDI BÂ° RESIDENCIAL ALBERDI;4347823;34;CORDOBA;-64,21964989;-31,41992904;
2515;Córdoba;GABRIELA ALMIRATI;CAUCETE 4008 EMPALME;4348907;32;CORDOBA;-64,13360981;-31,43220548;
2517;Córdoba;JOSE LUIS ALMIRON;LAGUNA LARGA ESQ. RINCON DE LUNA S/N VILLA RIVERA INDARTE;4332760;63;CORDOBA;-64,2932972;-31,31955103;
2519;Córdoba;ALVARO BOLIVAR ALVAREZ;GELLY Y OBES ESQ. RAMON MUNILLA S/NÂº VILLA AZALAIS;4335162;62;CORDOBA;-64,15233386;-31,37356396;
2520;Córdoba;ALFREDO ALVAREZ;CUIMAN 6543 LA SALLE EX CALLE ROMA NÂ° 270;448399;58;CORDOBA;-64,27454043;-31,34410675;
2522;Córdoba;FERNANDO TOMAS ALVAREZ;OSTIA 4200 IRUPE;4334550;52;CORDOBA;-64,2035851;-31,46038553;
2524;Córdoba;ALICIA TERESITA ALVAREZ;EDUARDO SAUL MARTIN 1441 YOFRE SUD;4339172;28;CORDOBA;-64,13764259;-31,39237449;
2525;Córdoba;GERARDO JAVIER ALVAREZ;TOMAS DE IROBI 557 MARQUES DE SOBREMONTE BÂ° MARQUES DE SOBREMONTE;4345234;36;CORDOBA;-64,19480523;-31,36380237;
2526;Córdoba;HUBERTO NILSON ALVAREZ;PADRE LUIS MONTI 3689 LOS PINOS;4339188;31;CORDOBA;-64,14174449;-31,3930408;
2527;Córdoba;ANTONIO ALVAREZ;OCARINA 1613 VILLA CLAUDINA;4339199;33;CORDOBA;-64,12283224;-31,38857969;
2529;Córdoba;MARTHA ELIZABETH ALVES DE SIMAS;Madre Maria Brigida Postorino 3579 Patricios Oeste;4864006(direct);59;CORDOBA;-64,14270523;-31,36951892;
2530;Córdoba;;DIAZ DE LA FUENTE 3101 MATIENZO BÂ° MATIENZO;4343474;65;CORDOBA;-64,23711582;-31,44527022;
2534;Córdoba;HUGO ARIEL AMARAL;AGUSTIN GARZON 1563 SAN VICENTE PROXIMO A MATERNIDAD PROVINCIAL;4348826;61;CORDOBA;-64,16396612;-31,42397233;
2535;Córdoba;GERARDO ANDRES AMARILLA;CALLE PUBLICA S/NÂº POSTA DE VARGAS CNO. A SAN ANTONIO KM 7 P/CORTADEROS DE LADRILLO;4949854;46;CORDOBA;-64,19887281;-31,49986053;
2537;Córdoba;JOSE ANTONIO AMY;CANONIGO JOSE LUIS CHORROARIN 2851 RESIDENCIAL SAN JORGE PERTENECE AL CENTRO EDUCATIVO 2 DE ABRIL;4335167;57;CORDOBA;-64,13023308;-31,3694037;
2538;Córdoba;NIRIA ANASTASIA;DUARTE QUIROS 4325 LAS PALMAS BÂ° LAS PALMAS;4347818;24;CORDOBA;-64,23836935;-31,40250844;
2540;Córdoba;JAVIER ZENON ANDRADE;ENTRE RIOS 3373 SAN VICENTE;4348915;34;CORDOBA;-64,14139504;-31,42504666;
2543;Córdoba;JOSE LUIS ARAMBURU;PABLO DE MAURO 558 VILLA EL LIBERTADOR;4949799/4343608;28;CORDOBA;-64,21100152;-31,47981983;
2546;Córdoba;JUAN ATILIO;FRANCISCO DEL PRADO 3900 GENERAL MOSCONI BARRIO GENERAL MOSCONI;4335421;25;CORDOBA;-64,15033525;-31,36297527;
2548;Córdoba;CARLOS FRANCISCO AUNCHAYNA;CALLE PUBLICA S/NÂº CHACRA DE LA MERCED CAMINO CHACRA DE LA MERCED KM 9;4900097;48;CORDOBA;-64,05717477;-31,41862389;
2549;Córdoba;LUIS ALBERTO AVELLANAL;ANTONIO MACHONI 1700 AMPLIACION PALMAR BÂ° AMPLIACION PALMAR;4349736;41;CORDOBA;-64,11877003;-31,38788278;
2554;Córdoba;WASHINGTON ULISES BALLIVA;OCTAVIANO NAVARRO 2750 ROSEDAL ANEXO;4333319;37;CORDOBA;-64,22226752;-31,43932167;
2557;Córdoba;DANIEL HONORIO BARRIOS;;;17;CORDOBA;;;
2558;Córdoba;RAFAEL ARTURO BARTZABAL;STEPHENSON  6900 ITUZAINGO;4348930;15;CORDOBA;-64,08890907;-31,4661482;
2561;Córdoba;SILVANA BELLO;ECHEVERRIA 370 ALTO ALBERDI;4801243;22;CORDOBA;-64,21685548;-31,41062148;
2564;Córdoba;RICARDO CARLOS BEROIS;SAN JERONIMO 5550 COLONIA LOLA;4338565;64;CORDOBA;-64,11561203;-31,42450163;
2565;Córdoba;ALVARO BERTONI;TABACUE  VILLA CORNU;449426;55;CORDOBA;-64,26686027;-31,31675167;
2567;Córdoba;FRANCISCO EDUARDO CAAMAÑO;MANUELA CACIGAS 650 AMPLIACION LAS PALMAS B?AMPLIACION LAS PALMAS;4858870;63;CORDOBA;-64,24022975;-31,41248786;
2568;Córdoba;NELSON MARIO CABRERA;JUAN RAMON ROJAS  CIUDAD AMPLIACION FERREYRA BARRIO CIUDAD AMPLIACION FERREYRA;;43;CORDOBA;-64,11998478;-31,47549286;
2574;Córdoba;JOSE DE LA ROSA;AV. LOS PLATANOS 1346 LOS PLATANOS BÂ° LOS PLATANOS;4347812;44;CORDOBA;-64,23101501;-31,42295842;
2575;Córdoba;DANIEL DE LEON;JUAN GAONA 1283 LOS PLATANOS BÂ° LOS PLATANOS;4337318/4337334;35;CORDOBA;-64,23215937;-31,42141902;
2576;Córdoba;JUAN JOSE DE LOS SANTOS;A. MACIAS  JORGE NEWBERY BÂ° JORGE NEWBERY;4332937;29;CORDOBA;-64,1803234;-31,34953551;
2580;Córdoba;ANA MARGARITA DE SALTERAIN;AVIADOR KINGSLEY 1500 RESIDENCIAL SAN ROQUE;4333337;37;CORDOBA;-64,24714931;-31,42453823;
2581;Córdoba;ALLEN DENBY;LA PAMPA 550 PASO DE LOS ANDES;4342417;36;CORDOBA;-64,20530057;-31,41738615;
2583;Córdoba;BEATRIZ DETOMASI;LA PAMPA 550 PASO DE LOS ANDES Frente a una plaza;4342417;48;CORDOBA;-64,20530057;-31,41738615;
2585;Córdoba;ORLANDO DIAZ;BV. DEL COMERCIO 835 JARDIN BARRIO JARDIN A DOS CUADRAS DE AVENIDA VALPARAISO;4334553;49;CORDOBA;-64,18423998;-31,44336082;
2589;Córdoba;;Soldado Pizarro. CALLE 15  INAUDI;4949754;26;CORDOBA;-64,19363826;-31,47670021;
2591;Córdoba;DORA DOMENECH;JUNIN 3480 SAN VICENTE CLUB UNION SAN VICENTE - BAJADA FERREYRA -;4348793;45;CORDOBA;-64,14008082;-31,42850325;
2593;Córdoba;LEANDRO JOSE DOS SANTOS;PALAMARA ESQ. SAAVEDRA S/NÂº CERVECEROS;4344092;28;CORDOBA;-64,15795941;-31,46430711;
2594;Córdoba;ROBERTO ANIBAL DOS SANTOS;CALLE PUBLICA S/N CIUDAD DE MIS SUEÃ?OS RUTA 9 (S) KM 690;4348935;60;CORDOBA;-64,08547161;-31,47705176;
2595;Córdoba;NELSON DOS SANTOS;CALLE PUBLICA S/NÂ° AMPLIACION CABILDO BÂ° AMPLIACION CABILDO;4343640;50;CORDOBA;-64,22805898;-31,48297844;
2596;Córdoba;ELSA MABEL ENCISO;CALLE PUBLICA S/NÂº ZEPA A Y B;152241536;55;CORDOBA;-64,10602151;-31,38788465;
2597;Córdoba;FERNANDO GARCIA;ALFONSINA STORNI 1300 PARQUE LICEO 3Â° SECCION B? PARQUE LICEO 3?SECCION;4991921;58;CORDOBA;-64,15617119;-31,35730639;
2601;Córdoba;MARIA GRACIELA LEVA;COLORADO ESQ.CAJAMARCA  SANTA ISABEL 2Âº SECCION;4343134/38;21;CORDOBA;-64,23497037;-31,48002347;
2602;Córdoba;VIVIANA CONSTANCIA LEVY;URQUIZA 4800 MARIANO FRAGUEIRO I.P.V.ANEXO CERCA DE CIRCUNVALACI? NORTE.;4345185;45;CORDOBA;-64,18580749;-31,36062315;
2604;Córdoba;ANDRES PABLO LIMA;PEREZ CORREA 1500 MARQUES DE SOBREMONTE - ANEXO BARRIO  MARQUES DE SOBREMONTE - ANEXO;4335165;17;CORDOBA;-64,19344621;-31,36693883;
2605;Córdoba;LAURA LLAMBI;CALLE PUBLICA S/N LOS BOULEVARES ANEXO BÂ° LOS BOULEVARES ANEXO;155935975 (Direct);42;CORDOBA;-64,21854914;-31,35051544;
2614;Córdoba;;JULIAN LAGUNA 2600 AMPLIACION SAN JORGE;4335117;24;CORDOBA;-64,13358155;-31,37227386;
2615;Córdoba;MARTIN PASCUAL;CAMICALTA 1650 ALEM bÂ° ALEM - ESQUINA DIAGONAL ICA;4335161;54;CORDOBA;-64,15329135;-31,38349681;
2617;Córdoba;GUMER PEREZ;CHINGOLO  VILLA RETIRO  ANEXO RUTA PROV. 112;4990926;45;CORDOBA;-64,14509944;-31,34801267;
2626;Córdoba;ALICIA MARILEN PETROCELLI;CALLE PUBLICA S/NÂº LA CARBONADA RUTA 9 SUR KM 685 P/CNO.PCIAL. NÂ°4-CNO.60 CUADRAS-KM 9;156786618;19;CORDOBA;-64,10169813;-31,50573313;
2636;Córdoba;RODOLFO WASHINGTON PICCINI;CALLE PUBLICA  SOL NACIENTE BARRIO SOL NACIENTE;;44;CORDOBA;-64,24296159;-31,32224436;
2637;Córdoba;ALFREDO PICERNO;Calle publica  LA FLORESTA SUR BARRIO LA FLORESTA SUR;4900752;21;CORDOBA;-64,06076728;-31,39428024;
2639;Córdoba;DIEGO ENRIQUE PIÑEIRO;MONSEÃ?OR D'ANDREA 1044 ALTO ALBERDI BÂ° ALTO ALBERDI;4347875;15;CORDOBA;-64,21359118;-31,39528457;
2642;Córdoba;ANA LIA PIÑEYRUA;ISIDORO MARSAL 4100 VILLA SIBURU BARRIO VILLA SIBURU;4337335/16;20;CORDOBA;-64,23121552;-31,39278272;
